{"cameraMode":{"drawMode":0,"name":"Shaded","section":"Shading Mode"},"sceneLighting":true,"audioPlay":false,"sceneViewState":{"showFog":true,"showMaterialUpdate":false,"showSkybox":true,"showFlares":true,"showImageEffects":true,"showParticleSystems":true},"in2DMode":false,"pivot":{"x":1.4694461822509766,"y":4.63193941116333,"z":14.060595512390137},"rotation":{"x":0.07343457639217377,"y":-0.0047751013189554218,"z":0.0003450854273978621,"w":0.9973081350326538},"size":7.629573345184326,"orthographic":false}