{"cameraMode":{"drawMode":0,"name":"Shaded","section":"Shading Mode"},"sceneLighting":true,"audioPlay":false,"sceneViewState":{"showFog":true,"showMaterialUpdate":false,"showSkybox":true,"showFlares":true,"showImageEffects":true,"showParticleSystems":true},"in2DMode":false,"pivot":{"x":16.62885093688965,"y":-17.29676055908203,"z":56.07182312011719},"rotation":{"x":-0.17247137427330018,"y":-0.15421083569526673,"z":0.027251502498984338,"w":-0.9725457429885864},"size":58.090187072753909,"orthographic":false}